city_id,city
1,Southport
2,Buies Creek
3,Iva
4,Gwynn Oak
5,Littleton
6,Norwood
7,San Ramon
8,Victoria
9,Manvel
10,Connersville
11,Franklin Park
12,Cedar Rapids
13,Bay Saint Louis
14,Palm City
15,Osawatomie
16,Vernon
17,San Luis
18,Grass Valley
19,Brookshire
20,Little Rock Air Force Base
21,Asheboro
22,Buford
23,Keene
24,Round Lake
25,Hancock
26,Mount Gilead
27,Galesburg
28,Santa Monica
29,Litchfield Park
30,Ponchatoula
31,Beeville
32,Kewaskum
33,Smiths Grove
34,Magee
35,Tullahoma
36,Manitowoc
37,Copiague
38,Kershaw
39,Bentonville
40,Fond du Lac
41,Yates Center
42,Richburg
43,Port Huron
44,Fairless Hills
45,Bend
46,Chippewa Falls
47,Clover
48,Hamilton
49,Seguin
50,Taneytown
51,South Boston
52,Quartzsite
53,Hampton
54,Los Gatos
55,George West
56,Natrona Heights
57,Palmyra
58,New Market
59,Battle Creek
60,Richwood
61,Norwalk
62,New Braunfels
63,Mount Vernon
64,Augusta
65,Lordsburg
66,Plainview
67,Warrensburg
68,Muscatine
69,Bettendorf
70,Chula Vista
71,Peoria
72,Altus
73,Fall River
74,Harker Heights
75,Cordele
76,Marrero
77,Newland
78,Glastonbury
79,Rocklin
80,Thermopolis
81,Alabaster
82,South Charleston
83,Lenexa
84,Byron
85,Chester
86,Costa Mesa
87,Pomona
88,Cle Elum
89,Wheeling
90,Boston
91,Hereford
92,Altamonte Springs
93,La Puente
94,Castaic
95,Westborough
96,Pierre
97,Rexburg
98,Dardanelle
99,Lemon Grove
100,Jeannette
101,Allentown
102,Rutland
103,Piscataway
104,Macclenny
105,Cape Canaveral
106,Onalaska
107,Belle
108,Ardmore
109,Vernon Hills
110,Rockville
111,Grindstone
112,Arcadia
113,Mashpee
114,Chambersburg
115,Haleyville
116,San Carlos
117,Winamac
118,Alpena
119,Mantua
120,Hooksett
121,Sedalia
122,Chalmette
123,Belpre
124,Sumiton
125,Pemberton
126,Hallsville
127,Longview
128,Homestead
129,Dublin
130,Herndon
131,Lucedale
132,Santa Fe Springs
133,Maynard
134,Pinconning
135,Edmonds
136,Mission Viejo
137,Colmar
138,Rancho Santa Margarita
139,Conifer
140,Flower Mound
141,Malvern
142,Gilmer
143,Azle
144,Catoosa
145,Michigan City
146,Zion
147,Mount Pocono
148,Kingston Springs
149,Scott Depot
150,Fort Walton Beach
151,Borger
152,Livingston
153,Baldwin Park
154,New City
155,Fortville
156,Loxley
157,San Juan
158,Leavenworth
159,Beloit
160,North Canton
161,Davidson
162,Clemmons
163,Reno
164,Rayne
165,Sharpsburg
166,Lihue
167,North Hills
168,Huntington Park
169,Tuscola
170,Holmes
171,Hodgenville
172,Hope
173,Uncasville
174,Gold Canyon
175,Lower Lake
176,Placentia
177,Williamstown
178,Brownsburg
179,Edgewater
180,Framingham
181,Wahoo
182,Saint Simons Island
183,Rutherfordton
184,Ann Arbor
185,Fort Valley
186,Jackson Center
187,Front Royal
188,Rice Lake
189,Wheatland
190,Waukee
191,Azusa
192,Vermilion
193,Burley
194,Blakely
195,Rome City
196,Chappell Hill
197,Plainville
198,York
199,Fort George G Meade
200,Chesterfield
201,Novato
202,Thomson
203,Tallassee
204,Riverview
205,Bronx
206,Willows
207,Thomaston
208,Winfield
209,Rialto
210,Angleton
211,Arcata
212,Lakeside
213,Lockport
214,Ebensburg
215,Boise
216,Rothschild
217,Bradenton
218,Cantonment
219,Marquette
220,West Bridgewater
221,Brigham City
222,Geneva
223,Reed City
224,Marion
225,Nottingham
226,Solomons
227,Hopland
228,Coshocton
229,West Union
230,Eatonton
231,Sauk City
232,Sykesville
233,Cape Coral
234,Royal Oak
235,Orange Park
236,Laceys Spring
237,Union City
238,Mars Hill
239,Martinsburg
240,Davis
241,Moss Point
242,College Station
243,Sebastopol
244,Milwaukee
245,Albemarle
246,Kaysville
247,Eustis
248,Leeds
249,Mobridge
250,Freedom
251,Stuttgart
252,Statesville
253,Stanton
254,Rutherford
255,Panama City Beach
256,Mandeville
257,Munfordville
258,Wexford
259,College Park
260,Sterling
261,Roma
262,Nederland
263,Hollywood
264,Moses Lake
265,Chino
266,Elmwood
267,Hoopeston
268,Wenatchee
269,Fort Leonard Wood
270,Hardin
271,Perrysburg
272,Grafton
273,Schertz
274,Eatontown
275,Woodburn
276,Miller Place
277,North Palm Beach
278,Folly Beach
279,Saint Clairsville
280,Sun City Center
281,Lake Elsinore
282,Buckley
283,Mount Kisco
284,Hillsville
285,Sierra Vista
286,Amelia
287,Richfield
288,Sand Springs
289,North Wales
290,Levittown
291,Beaver Dam
292,Sidney
293,Waconia
294,Winton
295,Pico Rivera
296,Nine Mile Falls
297,Pamplico
298,Hendersonville
299,Crestview
300,Colorado City
301,Lithonia
302,Rawlins
303,Mahomet
304,Oldsmar
305,Pomeroy
306,Shorter
307,Mount Dora
308,Dansville
309,Greer
310,New Kensington
311,Gilroy
312,Scottsbluff
313,Eveleth
314,Waynesville
315,Patchogue
316,Beulaville
317,Cañon City
318,Belmar
319,Black Mountain
320,Seneca
321,Pueblo
322,Bremen
323,Gila Bend
324,Visalia
325,Americus
326,Jonesville
327,Yorba Linda
328,Bridgeport
329,Lawrence
330,Calhoun
331,Eufaula
332,Lake Forest
333,Goodyear
334,Glen Rock
335,Philadelphia
336,Olmsted Falls
337,Mc Cook
338,Joelton
339,Plano
340,Saint Helens
341,Leetonia
342,Winchester
343,Spartanburg
344,Brooksville
345,Titus
346,Quincy
347,Hopkins
348,Walkertown
349,Bergenfield
350,Port Byron
351,Riverton
352,Slidell
353,Elkins
354,Mauldin
355,Eldridge
356,San Leandro
357,New Holland
358,Moorpark
359,Clementon
360,Alpine
361,Newark
362,Powell
363,Ottumwa
364,Bolingbrook
365,Vienna
366,Green River
367,Trinidad
368,University
369,Mc Lean
370,Inwood
371,Cuba
372,Darlington
373,Temecula
374,Eau Claire
375,Gastonia
376,Corcoran
377,Sebastian
378,Beech Grove
379,Idaho Springs
380,Waterloo
381,Whitley City
382,Fort Eustis
383,Euless
384,Belleville
385,Twinsburg
386,Stamps
387,Attalla
388,Lathrop
389,Carrboro
390,Saint Francisville
391,Spring Branch
392,Baton Rouge
393,Hutchinson
394,Ruckersville
395,Bolivar
396,Chesterland
397,Haughton
398,Kings Mountain
399,Peachtree Corners
400,Angola
401,Wauchula
402,Chino Hills
403,Jonestown
404,Maiden
405,Alliance
406,Schererville
407,Bossier City
408,Essex Junction
409,Pullman
410,Martinez
411,Idaho Falls
412,Shinnston
413,Fitzgerald
414,Waukegan
415,Spotsylvania
416,Encino
417,Walla Walla
418,East Greenwich
419,Bethalto
420,Cordova
421,Flomaton
422,Alto
423,Kingston
424,Annandale
425,Seneca Falls
426,Kenosha
427,Detroit
428,Frostburg
429,Glenn Dale
430,Keystone Heights
431,Ravenswood
432,Newaygo
433,Buckeye
434,Secaucus
435,Seabrook
436,Watsonville
437,Hortonville
438,Williamson
439,Goose Creek
440,Fosston
441,Sutton
442,Clyde
443,South Lake Tahoe
444,Somerset
445,Advance
446,Sun Valley
447,Wildomar
448,Roswell
449,North Royalton
450,Weedsport
451,Hazelwood
452,Iowa
453,Canby
454,Duncan
455,LaGrange
456,Sumner
457,Mena
458,Little Chute
459,Rice
460,Wauseon
461,Hot Springs National Park
462,Canandaigua
463,North Little Rock
464,Torrance
465,Pocola
466,Winter Park
467,West Salem
468,Easton
469,Gonzales
470,Chocowinity
471,Phenix City
472,Ballston Spa
473,Huntington Beach
474,Waianae
475,Uniontown
476,Mechanicsville
477,Westwego
478,Flint
479,Rocky Ford
480,Dickinson
481,Adrian
482,Park Hills
483,Dillsburg
484,Frackville
485,Alhambra
486,Mount Holly
487,Cos Cob
488,Superior
489,Hammond
490,Prattville
491,North Arlington
492,Eldon
493,Wheat Ridge
494,Peyton
495,Barnesville
496,Weslaco
497,Canyonville
498,Mableton
499,Farmerville
500,Needham Heights
501,Perryville
502,Elyria
503,Mosinee
504,Mustang
505,Elkin
506,Seymour
507,Libby
508,Estero
509,Alturas
510,Lombard
511,Boaz
512,Monmouth Junction
513,Moorhead
514,Potomac
515,Agoura Hills
516,Parlier
517,Belvidere
518,Kewanee
519,Ridge
520,Crisfield
521,Port Saint Lucie
522,Brookfield
523,Turners Falls
524,Jennings
525,North Tonawanda
526,Boynton Beach
527,Jenison
528,Belgium
529,Christiansburg
530,Corpus Christi
531,Yakima
532,Montevallo
533,Pulaski
534,Middleton
535,Indio
536,Haysville
537,Tahlequah
538,Simpsonville
539,San Jose
540,Hill City
541,Elizabeth
542,Littlestown
543,Demopolis
544,Lemoore
545,Dyer
546,Conneaut
547,South Sioux City
548,Pickens
549,Greenwood
550,North Brunswick
551,Evergreen Park
552,Berthoud
553,West Lafayette
554,San Francisco
555,Agawam
556,Brick
557,Hickory
558,Baldwin
559,Newberg
560,Jacksonville
561,Rathdrum
562,North Versailles
563,Presque Isle
564,Mount Laurel
565,Gig Harbor
566,Lenoir City
567,Brawley
568,Port Angeles
569,Avondale Estates
570,West Linn
571,Arcade
572,Holly Springs
573,London
574,Beverly
575,Milton
576,Pineville
577,Clovis
578,Levelland
579,Salt Lake City
580,Keego Harbor
581,Williamsburg
582,Leadville
583,Manasquan
584,Devers
585,Molalla
586,Wapakoneta
587,Pismo Beach
588,DeKalb
589,Sanger
590,Placerville
591,Cedar Park
592,Knightstown
593,Polson
594,Portage
595,Leesville
596,White Lake
597,Natchitoches
598,Fairview Heights
599,Succasunna
600,Fountain Valley
601,North Adams
602,Fort Belvoir
603,North Lewisburg
604,West Palm Beach
605,Buna
606,Fort Bragg
607,Parrish
608,Sheboygan Falls
609,Poway
610,Bluffton
611,Antigo
612,Chicago
613,East Petersburg
614,Saint Pauls
615,Grenada
616,Bangor
617,Los Alamos
618,Laguna Beach
619,Franklinton
620,Seattle
621,Westerville
622,Clarkston
623,Lewis Center
624,Englishtown
625,Downey
626,Pettus
627,Anaheim
628,Fort Payne
629,Melbourne
630,San Rafael
631,South El Monte
632,Rochester
633,Hagerstown
634,Fox River Grove
635,Mora
636,Dundalk
637,Blythe
638,Rosendale
639,Fort Madison
640,Blue Ridge
641,Lakeland
642,Guilford
643,Camden
644,Richton Park
645,Sheboygan
646,Vandalia
647,Huntley
648,Arkadelphia
649,Sugar Land
650,Maple Heights
651,Rosamond
652,Dunlap
653,Valdosta
654,Saint James
655,Anna
656,Hixson
657,The Dalles
658,Coal City
659,Graham
660,Yucaipa
661,Kingman
662,Palm Bay
663,Iowa City
664,Valentine
665,Lemoyne
666,Berwick
667,Wilmer
668,West Memphis
669,Carbondale
670,Clifton
671,Melrose Park
672,Whitefish
673,Nebraska City
674,Hennessey
675,Cobleskill
676,Claremont
677,Okmulgee
678,Mechanicsburg
679,Sunnyvale
680,Hawkinsville
681,Pompano Beach
682,Seagoville
683,San Marcos
684,Mandan
685,Dorchester
686,Albuquerque
687,Windham
688,Amarillo
689,Fairbanks
690,Montgomery Village
691,Brownwood
692,Wynne
693,Moose Lake
694,Elmwood Park
695,Somers Point
696,Port Orchard
697,Blanchester
698,Sinton
699,Roseburg
700,Hinckley
701,Cedar Hill
702,Lincolnton
703,Bristow
704,Viroqua
705,Capitol Heights
706,Jupiter
707,Berwyn
708,Mason
709,Rowlett
710,Reese
711,Sicklerville
712,Rupert
713,Forest Park
714,Spencerville
715,Trexlertown
716,Newburgh
717,Citronelle
718,Pearisburg
719,Apache Junction
720,Salisbury
721,Port Richey
722,Pontotoc
723,Bluefield
724,Winterville
725,Cloudcroft
726,Solon
727,Nevada
728,South Burlington
729,Horse Cave
730,Ridgeland
731,Seville
732,Maysville
733,Centerville
734,Cornelia
735,Pleasant Prairie
736,East Syracuse
737,Davenport
738,Whitehouse
739,Solvang
740,Bedford
741,Schofield
742,Antwerp
743,Missouri City
744,Kearny
745,Salida
746,Sedona
747,Palatine
748,Big Spring
749,Post Falls
750,Spiro
751,Dana Point
752,Marina del Rey
753,McHenry
754,Naples
755,Goleta
756,Pinson
757,Woonsocket
758,Falmouth
759,Sayre
760,Saugatuck
761,Charles Town
762,Ionia
763,Ruidoso
764,Sallisaw
765,Ashville
766,Tooele
767,Vancouver
768,Hopkinsville
769,Wise
770,Prineville
771,Kadoka
772,Flagler
773,Delmar
774,Rainsville
775,Lorton
776,Plaquemine
777,Kilgore
778,American Fork
779,Green Cove Springs
780,Santa Rosa
781,Freeport
782,Yelm
783,Hermitage
784,Vega
785,Humboldt
786,Antioch
787,Chanhassen
788,Johnston
789,Waxahachie
790,Millers Creek
791,Waukesha
792,Newcastle
793,Crystal River
794,Creston
795,King
796,Lone Grove
797,Hardinsburg
798,Emporia
799,Emmitsburg
800,Maryville
801,Conshohocken
802,Hertford
803,Lakeville
804,Belfast
805,Crescent City
806,Niles
807,Glendale Heights
808,Wheaton
809,Hildebran
810,Norwood Young America
811,Winthrop
812,Richlands
813,Miramar Beach
814,Santee
815,Duluth
816,Natick
817,Richland
818,Mechanicville
819,Athens
820,Jermyn
821,Raymond
822,Mason City
823,Yukon
824,Westlake
825,Ithaca
826,Dawson
827,Tomball
828,Moraga
829,Sunland
830,Decherd
831,Red Springs
832,Virginia
833,Oconomowoc
834,Englewood
835,Vacaville
836,Homer
837,Minot
838,Bay Minette
839,Evansville
840,Crawfordsville
841,Weirton
842,Mcminnville
843,Glendora
844,Centerton
845,Port Charlotte
846,Tannersville
847,North Olmsted
848,Juneau
849,Lanett
850,Fairburn
851,Glen Mills
852,Paola
853,Hillsborough
854,Titusville
855,Monroeville
856,Greenport
857,Gambrills
858,Mukwonago
859,Antelope
860,Big Bear Lake
861,Loveland
862,Flushing
863,Owensboro
864,Brunswick
865,Hattiesburg
866,Defiance
867,East Liverpool
868,Chardon
869,Idabel
870,Altavista
871,Hartville
872,Fennville
873,Weatherford
874,Purcell
875,Stillwater
876,Percival
877,Oglesby
878,Morton
879,Bad Axe
880,Johnson City
881,Rushville
882,Erath
883,Sitka
884,Castle Hayne
885,Caribou
886,Soda Springs
887,Swanton
888,Rockmart
889,Waskom
890,Glenwood Springs
891,Cedar Springs
892,Cedarville
893,Auburndale
894,Kingsburg
895,California
896,Hightstown
897,Maitland
898,Waseca
899,Long Branch
900,Vero Beach
901,Triadelphia
902,Blackwell
903,Holland
904,Mifflinville
905,Aynor
906,Thornwood
907,Kenly
908,Sisters
909,Marlin
910,Turlock
911,Colusa
912,Exmore
913,Auburn Hills
914,Belcamp
915,Anthony
916,Bensenville
917,Wadsworth
918,Atoka
919,Oregon City
920,Baldwin City
921,Sherman Oaks
922,Mims
923,Hinesville
924,Latham
925,East Mc Keesport
926,Arab
927,Oak Creek
928,Alva
929,Westfield
930,Upper Sandusky
931,Austell
932,Valdez
933,Roanoke Rapids
934,Menomonie
935,Calera
936,New Bern
937,Dumas
938,Dwight
939,Rosemead
940,Brusly
941,Mangum
942,West Chester
943,Martinsville
944,Lees Summit
945,Spring Valley
946,Collinsville
947,Minster
948,Milford
949,Harrah
950,Maize
951,Wellston
952,Discovery Bay
953,Harrington
954,Tacoma
955,Petersburg
956,Fairmont
957,Newton Falls
958,Shakopee
959,Eloy
960,Trumann
961,Dickson
962,Hampstead
963,Moweaqua
964,Milton Freewater
965,Peabody
966,Longmont
967,Wabash
968,Afton
969,Lynwood
970,Ball
971,Abbeville
972,Sarasota
973,La Fayette
974,Saint Matthews
975,Eaton Rapids
976,Palestine
977,Zelienople
978,Warren
979,Cherokee
980,Lynbrook
981,Kearney
982,Doylestown
983,Hillside
984,Frankenmuth
985,San Pablo
986,Norco
987,Campbell
988,Washington
989,Boca Raton
990,Draper
991,Avon Park
992,Rock Falls
993,Wayne
994,Logan
995,Gibsonia
996,Fremont
997,Thurmont
998,Graceville
999,Kearneysville
1000,Van Wert
1001,Converse
1002,Mifflinburg
1003,Moody A F B
1004,Fredonia
1005,Cabot
1006,Rocky Mount
1007,Cumberland
1008,Wahpeton
1009,Woburn
1010,Dowagiac
1011,Purvis
1012,Ligonier
1013,El Campo
1014,Braidwood
1015,Vinita
1016,Shawano
1017,Lady Lake
1018,Tujunga
1019,Pekin
1020,Highland Park
1021,Corydon
1022,Umatilla
1023,Sun City
1024,Escanaba
1025,Greensburg
1026,Weed
1027,Orlando
1028,Moscow
1029,Cuero
1030,Pittston
1031,Lugoff
1032,New Orleans
1033,Snellville
1034,Albert Lea
1035,Atascadero
1036,Poplar Bluff
1037,Lumberton
1038,Chipley
1039,West Fargo
1040,Lecompte
1041,Kapolei
1042,Oak Island
1043,Crestline
1044,Ringgold
1045,Ashtabula
1046,Elizabethtown
1047,Waterville
1048,Waunakee
1049,Leland
1050,Tidioute
1051,Nicholasville
1052,North Baltimore
1053,Rolla
1054,Algona
1055,Old Greenwich
1056,Lahaina
1057,Federal Way
1058,Fort Leavenworth
1059,Burkburnett
1060,White Marsh
1061,Rogers
1062,Texas City
1063,Gary
1064,Alamo
1065,Saint Marys
1066,Cloverdale
1067,Rosedale
1068,Ranger
1069,Maineville
1070,Galax
1071,Wedowee
1072,Herculaneum
1073,Chesnee
1074,Etna
1075,Lake Placid
1076,Napa
1077,Mattoon
1078,Roscoe
1079,Ranson
1080,La Mesa
1081,Marstons Mills
1082,Asheville
1083,Tustin
1084,Lafayette Hill
1085,Del Rio
1086,Fayette
1087,Kent
1088,Amityville
1089,Koosharem
1090,Sorrento
1091,Delmont
1092,Jonesboro
1093,Winter Garden
1094,Sharon
1095,Woodstock
1096,Verona
1097,Indialantic
1098,Monroe
1099,Zanesville
1100,Clearwater Beach
1101,Normal
1102,Vinton
1103,Nokomis
1104,Birmingham
1105,Saddle Brook
1106,Arapahoe
1107,Brooklet
1108,Portland
1109,El Paso
1110,Monterey Park
1111,Ketchikan
1112,Winter Springs
1113,El Dorado
1114,Mineral Wells
1115,Manhattan Beach
1116,DeRidder
1117,Iron Mountain
1118,Hazleton
1119,Redford
1120,Howard
1121,Midvale
1122,Tarboro
1123,Isle of Palms
1124,Greenwich
1125,Fenwick Island
1126,Harleysville
1127,Dahlonega
1128,La Vergne
1129,New Richmond
1130,Luray
1131,Kensington
1132,Vista
1133,Fairland
1134,Snow Hill
1135,Clearfield
1136,Alexandria
1137,Vincennes
1138,Bethesda
1139,North Salt Lake
1140,San Tan Valley
1141,Thief River Falls
1142,Metuchen
1143,Kirksville
1144,Canfield
1145,Westlake Village
1146,Holdrege
1147,Oxford
1148,Fitchburg
1149,Burlington
1150,Struthers
1151,Redwood City
1152,Clintwood
1153,Prescott
1154,Sebring
1155,Clatskanie
1156,Cedar Falls
1157,Neenah
1158,Clifton Heights
1159,Littlefield
1160,Alvord
1161,Hobbs
1162,Fountain Hills
1163,Manistee
1164,Lambsburg
1165,Norristown
1166,Saint Johns
1167,Delphi
1168,Clifton Park
1169,Snoqualmie
1170,Medicine Lodge
1171,Hephzibah
1172,Liberty Lake
1173,Pearland
1174,Pacific Palisades
1175,Suitland
1176,Manhattan
1177,Chatsworth
1178,Commerce City
1179,Chicago Heights
1180,Pisgah Forest
1181,Houghton Lake
1182,Midway
1183,Waupaca
1184,Fort Gratiot
1185,Central
1186,Colona
1187,Saint George
1188,Prudenville
1189,Maryland Heights
1190,Desert Hot Springs
1191,Santa Fe
1192,Saint Clair Shores
1193,Guin
1194,Rancho Cordova
1195,Coalinga
1196,Springdale
1197,Wickliffe
1198,Ogdensburg
1199,Lisle
1200,Hudsonville
1201,Williams
1202,Grandview
1203,Hingham
1204,West Helena
1205,Rock Hill
1206,DeFuniak Springs
1207,Alameda
1208,Whitakers
1209,Coushatta
1210,Romeoville
1211,Citrus Heights
1212,Grove Hill
1213,New Roads
1214,Cortland
1215,Croswell
1216,Lawton
1217,Pittsford
1218,Byram
1219,Grantsville
1220,Hubert
1221,Veradale
1222,Olympia
1223,Van Buren
1224,Napoleon
1225,Moorefield
1226,Cheshire
1227,Owego
1228,Henrico
1229,West Monroe
1230,Caldwell
1231,Swainsboro
1232,Floyd
1233,Coeburn
1234,Iola
1235,Osceola
1236,Sherman
1237,Clive
1238,Pennsauken
1239,Cave City
1240,Mastic
1241,Rosenberg
1242,Clarksville
1243,Towson
1244,Friendswood
1245,Loretto
1246,Valley
1247,Yadkinville
1248,Harrold
1249,Springhill
1250,Griffith
1251,Parkville
1252,Yuma
1253,Jeffersonville
1254,South Gate
1255,Brookville
1256,Huntingdon
1257,Moab
1258,Grandville
1259,Avon Lake
1260,Willow Grove
1261,San Jacinto
1262,Laredo
1263,West Columbia
1264,Deer Park
1265,Mount Prospect
1266,Rock Springs
1267,Youngsville
1268,West Springfield
1269,Ellijay
1270,Merrillville
1271,Clintonville
1272,Pensacola
1273,Pontiac
1274,Spanish Fork
1275,South Williamson
1276,Bohemia
1277,Townsend
1278,Oacoma
1279,San Fernando
1280,Oconto
1281,Great Bend
1282,Wilmington
1283,Wilburton
1284,Sherburne
1285,Wake Forest
1286,Glenolden
1287,Randolph
1288,Parker
1289,Fort Collins
1290,East Orange
1291,Bellaire
1292,Niagara Falls
1293,Shelby
1294,Owasso
1295,Willoughby
1296,Trenton
1297,Maplesville
1298,Glennville
1299,Hazel Park
1300,Whitestone
1301,La Junta
1302,Maggie Valley
1303,Blair
1304,Excelsior Springs
1305,Oak Park
1306,Terryville
1307,Monett
1308,Chaska
1309,Grand Junction
1310,Monahans
1311,Wixom
1312,Kokomo
1313,Lesage
1314,Reedsburg
1315,Sadieville
1316,Island Park
1317,Beaver
1318,Liverpool
1319,Ridley Park
1320,Vails Gate
1321,Paramount
1322,Earth City
1323,Petoskey
1324,Grants
1325,Broomall
1326,Chattahoochee
1327,Fultondale
1328,Moberly
1329,Nashua
1330,Mc Calla
1331,Chamberlain
1332,Ravenna
1333,Lambertville
1334,Finksburg
1335,Macedonia
1336,Perkasie
1337,Tunkhannock
1338,Westover
1339,Cartersville
1340,Pigeon Forge
1341,Elk City
1342,Westminster
1343,Skokie
1344,Hebron
1345,Wayzata
1346,Cashmere
1347,Cuyahoga Falls
1348,Port Lavaca
1349,Palmer
1350,Caro
1351,Arroyo Grande
1352,Fairborn
1353,Mountain Home
1354,Metter
1355,Danville
1356,Mabank
1357,Allendale
1358,Selma
1359,East Hanover
1360,West Plains
1361,Marana
1362,Miamisburg
1363,Cornelius
1364,Cowpens
1365,Oakdale
1366,Fountain
1367,Hermiston
1368,Jessup
1369,Orland Park
1370,Walnut
1371,Brighton
1372,Grand Rapids
1373,Ridgefield
1374,Heath
1375,Eaton
1376,Bridgewater
1377,Harrisonville
1378,Langhorne
1379,La Marque
1380,Greenville
1381,Harbor City
1382,Middlefield
1383,Los Lunas
1384,Watkinsville
1385,Hayesville
1386,Mission
1387,Cut Bank
1388,North Vernon
1389,Russellville
1390,Owensville
1391,Glendive
1392,Ridgeway
1393,Hidalgo
1394,Fairhaven
1395,Tucker
1396,Lexington
1397,Falling Waters
1398,Boulder
1399,Fort Pierce
1400,Glenwood
1401,McCall
1402,Sullivan
1403,Fox Lake
1404,Coos Bay
1405,Edwardsville
1406,Ventura
1407,Essex
1408,Antlers
1409,Glens Falls
1410,Fruitport
1411,Highlands
1412,New Lebanon
1413,Cave Creek
1414,McDonough
1415,Saint Francis
1416,Prescott Valley
1417,Holton
1418,Sacramento
1419,Clarkesville
1420,Kansas City
1421,Altoona
1422,Arden
1423,Morrison
1424,Barboursville
1425,Toppenish
1426,Nashville
1427,Haleiwa
1428,Toomsuba
1429,Timmonsville
1430,Harlingen
1431,Poquoson
1432,Champaign
1433,Gardendale
1434,Joliet
1435,Charlotte
1436,Murrells Inlet
1437,Oak Grove
1438,Southington
1439,Hempstead
1440,Atlanta
1441,Erwin
1442,Westbury
1443,Leawood
1444,Folkston
1445,Ticonderoga
1446,Nampa
1447,Point Pleasant
1448,Meriden
1449,Cranberry Township
1450,Clarion
1451,Manning
1452,South Lebanon
1453,Paragould
1454,Cameron
1455,Lehighton
1456,Rossville
1457,Valley City
1458,Millersville
1459,San Bernardino
1460,Walterboro
1461,Delta
1462,Sparks
1463,Mount Carmel
1464,San Clemente
1465,Quakertown
1466,Pooler
1467,Ogallala
1468,Vacherie
1469,Scranton
1470,Depew
1471,Ephrata
1472,Ocoee
1473,Saint Augustine
1474,Mansura
1475,Salinas
1476,Liberal
1477,Saint Albans
1478,Springerville
1479,Gurnee
1480,Cooperstown
1481,Lynchburg
1482,Apex
1483,Fairfax
1484,Maurice
1485,Benson
1486,Blue Springs
1487,Cabool
1488,Dixon
1489,Wildwood
1490,Rolling Fork
1491,Jersey City
1492,Webb City
1493,Parker City
1494,Diamond Bar
1495,Bonner Springs
1496,Hales Corners
1497,Morgan Hill
1498,Morris
1499,West Frankfort
1500,Colville
1501,Chapel Hill
1502,Rigby
1503,Cambridge
1504,Silver Spring
1505,Laughlin
1506,Kennewick
1507,Far Rockaway
1508,Owens Cross Roads
1509,South Ozone Park
1510,Olivet
1511,Bucyrus
1512,Inglis
1513,Santa Maria
1514,Anderson
1515,Sandwich
1516,Saint John
1517,Glen Rose
1518,Medford
1519,Wyoming
1520,Glen Carbon
1521,Girard
1522,Denison
1523,Coffeyville
1524,Ashburn
1525,Rittman
1526,Dunedin
1527,Lovington
1528,Midland
1529,Delavan
1530,Mammoth Lakes
1531,Woodland
1532,Arvada
1533,Reading
1534,Tarpon Springs
1535,Claremore
1536,Newnan
1537,Lubbock
1538,Portales
1539,La Quinta
1540,Murfreesboro
1541,Bloomingdale
1542,Forest Grove
1543,Richland Center
1544,Etters
1545,Sergeant Bluff
1546,Minooka
1547,Dayton
1548,Rogue River
1549,Waddy
1550,Moosic
1551,Canton
1552,Signal Mountain
1553,Merrick
1554,Thorndale
1555,Arlington
1556,Talladega
1557,Las Vegas
1558,Lillington
1559,Corinth
1560,Hartwell
1561,Holt
1562,Neoga
1563,Burnham
1564,Victorville
1565,Derry
1566,Kerrville
1567,Oconto Falls
1568,Mogadore
1569,Jordan
1570,Larose
1571,Bainbridge
1572,Massillon
1573,Muscle Shoals
1574,Susanville
1575,Taunton
1576,Bell Gardens
1577,Elmont
1578,Racine
1579,Saint Clair
1580,Westville
1581,Bourbonnais
1582,Bessemer
1583,Prospect
1584,Lincoln
1585,Colton
1586,Rogersville
1587,South Point
1588,Belle Vernon
1589,Three Rivers
1590,Eastpointe
1591,Carrizo Springs
1592,Abington
1593,Hartland
1594,Melrose
1595,New Hope
1596,Selmer
1597,Cropseyville
1598,Galveston
1599,Yerington
1600,Saltville
1601,Dravosburg
1602,Los Banos
1603,Galion
1604,Meyersdale
1605,Manitou Springs
1606,Childersburg
1607,Palatka
1608,Gas City
1609,Blue Island
1610,Daleville
1611,Redmond
1612,Saint Paul
1613,San Ysidro
1614,Clarksdale
1615,Granite City
1616,Frederick
1617,Santa Paula
1618,Grand Blanc
1619,Hot Springs
1620,Gothenburg
1621,New Port Richey
1622,Key West
1623,Winner
1624,Saluda
1625,Phoenix
1626,Port Sulphur
1627,Chickasha
1628,Seffner
1629,Elgin
1630,South Elgin
1631,Roslindale
1632,Red Bluff
1633,Mayfield
1634,Bailey
1635,Edwards
1636,Canal Fulton
1637,Batesburg
1638,North Myrtle Beach
1639,Barksdale Afb
1640,Cocoa
1641,Tampa
1642,Iowa Falls
1643,Merrill
1644,West Branch
1645,Mount Union
1646,Alexander City
1647,Delafield
1648,Robinson Creek
1649,Bensalem
1650,Forest Lake
1651,Akron
1652,Woodway
1653,Sealy
1654,Bakersfield
1655,Kahuku
1656,Aurora
1657,Milpitas
1658,Jamestown
1659,Summerfield
1660,Glen Cove
1661,Culver City
1662,Alden
1663,Baltimore
1664,Mannington
1665,Cottonwood
1666,Gatesville
1667,Wantagh
1668,Belle Glade
1669,Republic
1670,Franklin Square
1671,Osage Beach
1672,Toronto
1673,Durant
1674,Stevens Point
1675,Northwood
1676,Zebulon
1677,Inver Grove Heights
1678,Palmdale
1679,Lenoir
1680,Du Quoin
1681,Rolling Prairie
1682,East Aurora
1683,Lexington Park
1684,Jefferson
1685,Jonesborough
1686,South San Francisco
1687,Howell
1688,Lynden
1689,Happy Valley
1690,Apple Valley
1691,De Pere
1692,Plainwell
1693,Overland Park
1694,Meridian
1695,Navarre
1696,La Grande
1697,Burton
1698,Anoka
1699,Fairmount
1700,Winston
1701,Winters
1702,Philipsburg
1703,Ripon
1704,Amory
1705,Scituate
1706,Wickenburg
1707,Mesquite
1708,Des Plaines
1709,Mobile
1710,Checotah
1711,East Lansing
1712,Spring Hill
1713,Becker
1714,Raeford
1715,Wharton
1716,Pittsboro
1717,Wellsville
1718,Burleson
1719,Folsom
1720,Delray Beach
1721,Many
1722,Cedar Knolls
1723,Ferdinand
1724,Durham
1725,Royston
1726,Deerfield Beach
1727,Aztec
1728,East Chicago
1729,Ladson
1730,Elko
1731,Bath
1732,Walsenburg
1733,Chino Valley
1734,Hyde Park
1735,Milaca
1736,Odenton
1737,Naperville
1738,Painesville
1739,Scotts Valley
1740,Tuskegee
1741,Fergus Falls
1742,Meeker
1743,Oakton
1744,Anacortes
1745,Fallon
1746,Jim Thorpe
1747,Grayslake
1748,Port Arthur
1749,Clinton
1750,Roy
1751,Collegeville
1752,Surprise
1753,Oakridge
1754,Douglasville
1755,Lamont
1756,Fort Wayne
1757,Fort Atkinson
1758,Welch
1759,Crossville
1760,Grand Bay
1761,Memphis
1762,Johnstown
1763,Shelbyville
1764,Killeen
1765,Oshkosh
1766,White Hall
1767,Klamath Falls
1768,Eatonville
1769,Calhan
1770,Eielson Afb
1771,Hope Mills
1772,La Vista
1773,Bremerton
1774,Rancho Cucamonga
1775,Bladenboro
1776,Maumelle
1777,Edmonton
1778,Coeur d'Alene
1779,Brookline
1780,Whitsett
1781,Harvey
1782,Benton Harbor
1783,Penitas
1784,Conway
1785,Mount Orab
1786,Jamaica
1787,Philippi
1788,Riesel
1789,Melville
1790,Horsham
1791,Bishopville
1792,Magna
1793,Yonkers
1794,Brazoria
1795,Theodore
1796,Broken Bow
1797,Brookneal
1798,Menasha
1799,Clackamas
1800,Camp Verde
1801,Fernandina Beach
1802,Edison
1803,West Nyack
1804,Willits
1805,West Point
1806,Greenfield
1807,Honolulu
1808,Energy
1809,Grove City
1810,East Wareham
1811,Irving
1812,Redding
1813,Bowie
1814,Fenton
1815,Norwich
1816,Culpeper
1817,North Reading
1818,South Lyon
1819,North Augusta
1820,Conroe
1821,Bethlehem
1822,Inglewood
1823,Centralia
1824,Commack
1825,Bloomsburg
1826,Rockport
1827,Zephyrhills
1828,Houston
1829,Lewistown
1830,Painted Post
1831,Havertown
1832,Marlborough
1833,Maple Grove
1834,Granbury
1835,Burnsville
1836,Terra Alta
1837,Yucca Valley
1838,Lee
1839,Dover Plains
1840,Virginia Beach
1841,Eagle River
1842,Gloversville
1843,Cranston
1844,Thousand Oaks
1845,Sioux Falls
1846,Orange
1847,Old Fort
1848,Santa Clarita
1849,Brooklyn
1850,Platte City
1851,Highland
1852,Newport News
1853,Spanish Fort
1854,Pearl
1855,Oak Ridge
1856,Ponte Vedra Beach
1857,Hayden
1858,Chesapeake
1859,Whitney Point
1860,Belton
1861,Owosso
1862,Harmony
1863,Carlisle
1864,John Day
1865,Kemah
1866,Bloomington
1867,Mannford
1868,Harwood Heights
1869,Tigerville
1870,Brandon
1871,Poughkeepsie
1872,Mitchell
1873,Flemington
1874,San Dimas
1875,Pocahontas
1876,Amite
1877,Morgan City
1878,Montebello
1879,Havre de Grace
1880,Eastlake
1881,Salina
1882,North Charleston
1883,Okeechobee
1884,Stanford
1885,Baxter Springs
1886,Tecumseh
1887,Gretna
1888,Moundsville
1889,Kīhei
1890,Lancaster
1891,Zachary
1892,Greenbrier
1893,Calimesa
1894,Montevideo
1895,Wooster
1896,Omaha
1897,El Cerrito
1898,Avon
1899,Coachella
1900,Severna Park
1901,Southampton
1902,Keeseville
1903,Cody
1904,Marathon
1905,Rincon
1906,Randallstown
1907,Chelmsford
1908,Madison Heights
1909,Delaware
1910,Carlyle
1911,Kittanning
1912,Severn
1913,Tupelo
1914,Allison Park
1915,Mansfield
1916,Chicopee
1917,Kelso
1918,Newhall
1919,Barbourville
1920,Colfax
1921,West Boylston
1922,Waterford
1923,Orange City
1924,Thorntown
1925,Kingdom City
1926,Benicia
1927,Cut Off
1928,Proctorville
1929,Landrum
1930,Casa Grande
1931,Dolton
1932,Puyallup
1933,Xenia
1934,Downers Grove
1935,Lake Oswego
1936,Pelahatchie
1937,Cerritos
1938,Ocean City
1939,Sylvania
1940,Springfield
1941,Redlands
1942,Beltsville
1943,North Fort Myers
1944,Billings
1945,Kannapolis
1946,Leander
1947,Panama City
1948,Brush
1949,Sylvester
1950,Pleasantville
1951,Kennett
1952,Sikeston
1953,Lapeer
1954,Tripoli
1955,Beardstown
1956,West Jordan
1957,Villa Rica
1958,Waite Park
1959,Custer
1960,Savannah
1961,Moorestown
1962,Georgetown
1963,Merritt Island
1964,Cumberland Furnace
1965,Olive Branch
1966,Modesto
1967,Schaumburg
1968,Oyster Bay
1969,Grand Prairie
1970,Kyle
1971,Bogalusa
1972,Gardena
1973,Fort Morgan
1974,Solana Beach
1975,Elkhart
1976,Greenup
1977,Red Bay
1978,Clanton
1979,Argos
1980,De Soto
1981,Greeneville
1982,Lecanto
1983,Piedmont
1984,Lakewood
1985,West Mifflin
1986,Edinburg
1987,Pahrump
1988,Kingsland
1989,Miami Beach
1990,Oskaloosa
1991,Middletown
1992,Victor
1993,Hays
1994,New Martinsville
1995,Union
1996,Brandenburg
1997,Linton
1998,Cicero
1999,Dearborn Heights
2000,Tarentum
2001,Kenton
2002,La Grange
2003,Campbellsville
2004,Inverness
2005,Tiffin
2006,Palos Verdes Peninsula
2007,Winter Haven
2008,Attleboro
2009,Reynoldsburg
2010,Oberlin
2011,Eldred
2012,Kitts Hill
2013,Vanceboro
2014,Hastings
2015,Belen
2016,Aledo
2017,Gardner
2018,Childress
2019,Winnebago
2020,Burbank
2021,Smithville
2022,Corsicana
2023,Etna Green
2024,Winnfield
2025,Carmel
2026,West Babylon
2027,Cresson
2028,Davison
2029,Carson City
2030,Zeeland
2031,Whitehall
2032,San Diego
2033,Monticello
2034,Madison
2035,Whitney
2036,Danvers
2037,Urbandale
2038,Sonora
2039,Lafayette
2040,White Cloud
2041,Macomb
2042,Johnson Creek
2043,Douglas
2044,Casper
2045,East Peoria
2046,La Cañada Flintridge
2047,Willard
2048,Homosassa
2049,Satellite Beach
2050,Chalfont
2051,Hesperia
2052,Longwood
2053,Saugus
2054,Bulls Gap
2055,North Bend
2056,Bryan
2057,Plant City
2058,East Northport
2059,Erie
2060,Selden
2061,Hines
2062,Ruskin
2063,Blackfoot
2064,Rolling Meadows
2065,Castroville
2066,Buena Park
2067,Lawndale
2068,Bayard
2069,Greencastle
2070,San Bruno
2071,Bonney Lake
2072,Des Moines
2073,Okoboji
2074,District Heights
2075,Itasca
2076,Laurel
2077,Lilburn
2078,Floyds Knobs
2079,South Yarmouth
2080,Summerville
2081,North Aurora
2082,Point Pleasant Beach
2083,Houma
2084,Seminole
2085,Jasper
2086,Faribault
2087,Bridgman
2088,Endicott
2089,Lake Havasu City
2090,Keller
2091,Rifle
2092,Conover
2093,Auburn University
2094,Elkton
2095,Vestal
2096,Blue Earth
2097,West Islip
2098,Wasilla
2099,Dillon
2100,Roland
2101,Hamden
2102,Osseo
2103,Reform
2104,Appleton
2105,Lapel
2106,McKinney
2107,Butte
2108,Redwood Falls
2109,Savage
2110,Ellensburg
2111,Seekonk
2112,Avondale
2113,Whitewater
2114,Revere
2115,Enid
2116,Oceanside
2117,Kaneohe
2118,Kennesaw
2119,Fort Scott
2120,Lykens
2121,Makawao
2122,Canyon
2123,Wellington
2124,Oak Lawn
2125,Morehead
2126,Orange Beach
2127,Deerfield
2128,Lindon
2129,Allen
2130,West Hills
2131,Hollis
2132,Bridgeton
2133,Chesterton
2134,Valrico
2135,Creedmoor
2136,Bay City
2137,Tell City
2138,East Wenatchee
2139,San Angelo
2140,Alvin
2141,Brownsville
2142,Tracy
2143,Homerville
2144,Northridge
2145,Silver City
2146,Chillicothe
2147,Natchez
2148,Sawyer
2149,Adel
2150,Guntersville
2151,West Covina
2152,Murrieta
2153,Wilson
2154,Sherrills Ford
2155,Eupora
2156,Green Bay
2157,Comfort
2158,Red Bank
2159,Rockaway
2160,Andover
2161,Metairie
2162,Fairhope
2163,Alamogordo
2164,Le Roy
2165,Taylorsville
2166,Sutherlin
2167,Wyandotte
2168,Atmore
2169,Orchard Park
2170,Groveland
2171,Lavonia
2172,Youngstown
2173,Elkridge
2174,Pawtucket
2175,Lavallette
2176,Lock Haven
2177,Rustburg
2178,Covina
2179,Locust
2180,Plattsmouth
2181,Jones
2182,Portersville
2183,Prospect Heights
2184,Toccoa
2185,Vineland
2186,Acworth
2187,Clarks Summit
2188,Beaufort
2189,Celina
2190,Fort Knox
2191,Riverdale
2192,Millersburg
2193,Concord
2194,Brookhaven
2195,Prince Frederick
2196,Ponca City
2197,Niantic
2198,Lake Worth
2199,The Villages
2200,Piketon
2201,Rantoul
2202,Beachwood
2203,Erlanger
2204,Gadsden
2205,Terre Haute
2206,McAlester
2207,Fontana
2208,Twin Falls
2209,Raton
2210,Gate City
2211,Hitchcock
2212,Tenino
2213,Sellersburg
2214,North Platte
2215,Berkeley
2216,Buckhannon
2217,Exton
2218,Fogelsville
2219,Huntsville
2220,Salem
2221,Connellsville
2222,Irwin
2223,Sandusky
2224,Hollister
2225,New York
2226,South Pittsburg
2227,Florissant
2228,New Hyde Park
2229,Pacific
2230,Blanco
2231,Warrington
2232,Shingle Springs
2233,Murphy
2234,Fort Mitchell
2235,Chattanooga
2236,Ramseur
2237,Terrell
2238,Peru
2239,Rockdale
2240,Marco Island
2241,Rockwall
2242,Ft Mitchell
2243,Rocky River
2244,Siler City
2245,Humble
2246,Murphysboro
2247,Bellflower
2248,Sunnyside
2249,Ingleside
2250,Roseville
2251,Saginaw
2252,Conley
2253,Milroy
2254,Waipahu
2255,Coram
2256,Lufkin
2257,Collierville
2258,Gresham
2259,Bradley
2260,Ballwin
2261,Woodinville
2262,Central City
2263,Valencia
2264,Lamesa
2265,Redondo Beach
2266,Manteca
2267,Claymont
2268,Mankato
2269,Port Washington
2270,Sweet Home
2271,Macon
2272,Thackerville
2273,El Centro
2274,Hartsville
2275,Murray
2276,Pennsburg
2277,Mullica Hill
2278,Opp
2279,Snyder
2280,Rome
2281,Donaldsonville
2282,Lake Geneva
2283,Medina
2284,Pleasant View
2285,Shelton
2286,Cross Plains
2287,Tallulah
2288,Chincoteague Island
2289,Silsbee
2290,Bellmore
2291,Rossford
2292,Sequim
2293,Beatrice
2294,Harrodsburg
2295,Saugerties
2296,Albertville
2297,Dinuba
2298,Vidalia
2299,Hanover
2300,Easthampton
2301,South Haven
2302,Oregon
2303,Helena
2304,Castro Valley
2305,Stone Mountain
2306,Issaquah
2307,Olney
2308,Fishers
2309,Grand Ledge
2310,Kalkaska
2311,Church Hill
2312,Batesville
2313,South Bend
2314,Los Angeles
2315,Manassas
2316,Pittsfield
2317,Loudon
2318,Snow Shoe
2319,Pine Bluff
2320,Wichita Falls
2321,Tulare
2322,Brewster
2323,Batavia
2324,Wichita
2325,Lewiston
2326,Northampton
2327,Machesney Park
2328,Cookeville
2329,Jamaica Plain
2330,Daytona Beach
2331,Simi Valley
2332,Grambling
2333,Los Alamitos
2334,Gordonsville
2335,Kenedy
2336,Garwood
2337,Broomfield
2338,Cheboygan
2339,Long Lake
2340,Bella Vista
2341,Texarkana
2342,Edna
2343,Bound Brook
2344,Bowdon
2345,Gallipolis
2346,Alice
2347,Mountain View
2348,Plymouth
2349,Polk City
2350,Woodruff
2351,Peekskill
2352,South Pasadena
2353,Canastota
2354,Richardson
2355,Sioux City
2356,Kuna
2357,Baxter
2358,Comstock Park
2359,Monmouth
2360,Holly
2361,Chatham
2362,Hartford
2363,South Beloit
2364,Tomah
2365,Irvine
2366,Breese
2367,Colchester
2368,Binghamton
2369,Martins Ferry
2370,Brodhead
2371,Ellwood City
2372,Alma
2373,House Springs
2374,Chantilly
2375,McMinnville
2376,Belmont
2377,Lake Orion
2378,Rapid City
2379,Parkersburg
2380,Jensen Beach
2381,Needles
2382,Shepherdsville
2383,Fyffe
2384,Mountlake Terrace
2385,Fair Oaks
2386,League City
2387,Red Bud
2388,Bartlesville
2389,Ankeny
2390,Pinellas Park
2391,Ruston
2392,Chadron
2393,Addison
2394,Oxon Hill
2395,Mullins
2396,Delano
2397,Latta
2398,Eddyville
2399,New Bedford
2400,Montclair
2401,Piqua
2402,Granada Hills
2403,Waverly
2404,Scottsville
2405,Burwell
2406,Glendale
2407,Evanston
2408,Hiram
2409,Walkersville
2410,Melvindale
2411,Cranberry
2412,Bladensburg
2413,Madisonville
2414,Wickes
2415,Valley Park
2416,Sugarcreek
2417,Worthington
2418,South Jordan
2419,Gainesboro
2420,Glassboro
2421,Webberville
2422,Benton
2423,Locust Grove
2424,Pella
2425,Forest Hills
2426,Cassopolis
2427,Bellingham
2428,Willmar
2429,Cottondale
2430,Magnolia
2431,Whittier
2432,Spirit Lake
2433,Sevierville
2434,Hacienda Heights
2435,Elk Grove Village
2436,Fort Mill
2437,Gunnison
2438,Little Elm
2439,North Billerica
2440,Pounding Mill
2441,Miami Gardens
2442,Callahan
2443,Daisetta
2444,Paradise
2445,Havre
2446,Arkansas City
2447,Hillsdale
2448,Bozeman
2449,Eureka
2450,Abingdon
2451,Summerdale
2452,Grapevine
2453,Richmond
2454,Gilbert
2455,Williamsport
2456,Plainfield
2457,Central Islip
2458,Bay
2459,Green Valley
2460,West Haverstraw
2461,Livonia
2462,Breaux Bridge
2463,Eastland
2464,Pascagoula
2465,Leesburg
2466,Columbia
2467,Hazard
2468,Budd Lake
2469,Hutchins
2470,East Meadow
2471,Griffin
2472,Lake Wales
2473,Derby
2474,Webster
2475,Huntingburg
2476,Port Clinton
2477,Grinnell
2478,Ford City
2479,Walden
2480,Cary
2481,Comanche
2482,Godfrey
2483,Kailua Kona
2484,Copperas Cove
2485,Falls Church
2486,Rock Spring
2487,Crystal Lake
2488,Grand Canyon
2489,Water Valley
2490,Walnutport
2491,Cedar City
2492,Middlesboro
2493,Bridgeview
2494,Lodi
2495,Enfield
2496,Lake Saint Louis
2497,Haverford
2498,Suisun City
2499,Pocatello
2500,Pratt
2501,Saint Peter
2502,Rockville Centre
2503,Hialeah
2504,Jarrell
2505,Tyrone
2506,Refugio
2507,North Weymouth
2508,Toms River
2509,Ironton
2510,Willis
2511,Hayes
2512,Massena
2513,North Wilkesboro
2514,Disputanta
2515,Scotland Neck
2516,Clermont
2517,Coalgate
2518,Grand Island
2519,Garden Grove
2520,Alton
2521,Cheney
2522,Quinlan
2523,Southlake
2524,Traverse City
2525,Santa Cruz
2526,Gautier
2527,Powder Springs
2528,Hiawassee
2529,Lindenhurst
2530,Barberton
2531,Knoxville
2532,Ocilla
2533,Byesville
2534,Goldendale
2535,Auburn
2536,Morristown
2537,Reisterstown
2538,East Brunswick
2539,De Smet
2540,Two Rivers
2541,Soldotna
2542,Menlo Park
2543,Providence
2544,North Haven
2545,Baraboo
2546,Deer Lodge
2547,Cadillac
2548,Springville
2549,Grover Beach
2550,Darien
2551,Gettysburg
2552,Scottsdale
2553,Elsa
2554,Haines City
2555,Seaford
2556,Johnsonville
2557,Upper Darby
2558,Fredericktown
2559,Goldsboro
2560,Whitesboro
2561,Mifflintown
2562,Romney
2563,Stafford
2564,Brinkley
2565,Abilene
2566,Oswego
2567,Nashotah
2568,Ada
2569,Laconia
2570,Mundelein
2571,Silverton
2572,Selbyville
2573,Souderton
2574,Uvalde
2575,Minneapolis
2576,Corbin
2577,Frankfort
2578,Provo
2579,Muskogee
2580,Daly City
2581,Latonia
2582,Goshen
2583,Marietta
2584,Woodbridge
2585,Bandon
2586,Cheyenne
2587,Jean
2588,Birch Run
2589,Bearden
2590,Two Harbors
2591,Bryant
2592,Fallbrook
2593,Port Jervis
2594,Myersville
2595,Ruther Glen
2596,Oneonta
2597,Hurst
2598,Queen Creek
2599,Suwanee
2600,Prestonsburg
2601,Maumee
2602,Clare
2603,Granite Falls
2604,Spicer
2605,Navasota
2606,Duarte
2607,Minot Afb
2608,Kermit
2609,Port Hueneme
2610,Uniondale
2611,Yorktown
2612,Rahway
2613,Port Allen
2614,Groveport
2615,Cresco
2616,Smithfield
2617,Ozone Park
2618,Spearfish
2619,Sturgis
2620,Bel Air
2621,Palos Heights
2622,Lansing
2623,Chelsea
2624,Saint Peters
2625,Mulberry
2626,Apopka
2627,Ville Platte
2628,Calhoun City
2629,Minocqua
2630,Florence
2631,Luling
2632,Montezuma
2633,Atwater
2634,Candler
2635,Loris
2636,Windsor Mill
2637,Denver
2638,Boulder City
2639,Mountain City
2640,Viola
2641,West Bend
2642,Drumright
2643,White Plains
2644,Centre
2645,Preston
2646,Renton
2647,Kingstree
2648,Russell
2649,Forsyth
2650,Grand Haven
2651,Orangevale
2652,West Berlin
2653,Brownsboro
2654,Crawfordville
2655,Laramie
2656,Gibson City
2657,Berea
2658,Bryson City
2659,Waynesboro
2660,Fort Smith
2661,Newcomerstown
2662,Mount Jackson
2663,Rhinelander
2664,Shallotte
2665,Brecksville
2666,Woodville
2667,Dumfries
2668,Shenandoah
2669,Baytown
2670,Muskegon
2671,Thomasville
2672,Winnsboro
2673,Phoenixville
2674,Bartlett
2675,Smyrna
2676,New Bremen
2677,Pickerington
2678,Madera
2679,Browning
2680,Haddon Heights
2681,Butler
2682,Ashland City
2683,Waldo
2684,Little River
2685,Lampasas
2686,Spooner
2687,Fountain Inn
2688,New Paltz
2689,Exeter
2690,Indiana
2691,Las Cruces
2692,Rowland Heights
2693,Machias
2694,Waco
2695,Streamwood
2696,Paducah
2697,Gloucester
2698,Wagoner
2699,Weston
2700,Warrior
2701,Lake Zurich
2702,Bridgeville
2703,Olive Hill
2704,Hilo
2705,Saint Joseph
2706,DeSoto
2707,High Point
2708,Haskell
2709,Opelika
2710,Dimondale
2711,Adamsville
2712,North Pole
2713,Ocean Springs
2714,La Porte
2715,Dallas
2716,Hockessin
2717,Robbinsville
2718,Pikeville
2719,North Babylon
2720,Myerstown
2721,Neosho
2722,Hudson
2723,Muskego
2724,Richboro
2725,Dora
2726,West Newton
2727,Allen Park
2728,Holly Pond
2729,Johns Island
2730,Gaffney
2731,Worcester
2732,Reston
2733,Lenox
2734,Copperopolis
2735,Monteagle
2736,Kailua
2737,Loma Linda
2738,Merced
2739,Little Falls
2740,Watervliet
2741,Española
2742,Pendleton
2743,Rich Creek
2744,Moneta
2745,West Warwick
2746,Buffalo
2747,Newberry
2748,Peachtree City
2749,Fairfield
2750,Council Bluffs
2751,El Cajon
2752,Huntington
2753,Pea Ridge
2754,Palo Alto
2755,Galt
2756,Carlsbad
2757,Kanab
2758,Bear
2759,Vermillion
2760,Mount Shasta
2761,Sylva
2762,Cedartown
2763,Purcellville
2764,Pearsall
2765,Malden
2766,Kalamazoo
2767,East Palestine
2768,Cedarburg
2769,Neptune Beach
2770,Jericho
2771,Newport Beach
2772,Elizabethton
2773,Oviedo
2774,Strafford
2775,Forestville
2776,Pauls Valley
2777,Missoula
2778,Greenacres
2779,Dacula
2780,Radford
2781,Jefferson City
2782,Rensselaer
2783,Pleasant Hill
2784,Nevada City
2785,Huntersville
2786,Nogales
2787,Marianna
2788,Whiteville
2789,Wood River
2790,Notre Dame
2791,Easley
2792,College Place
2793,Philomath
2794,Nitro
2795,Clearlake
2796,Castle Rock
2797,Crossett
2798,Bishop
2799,Powhatan
2800,National City
2801,Dunn
2802,Courtland
2803,Chestertown
2804,Junction City
2805,Vallejo
2806,Prosser
2807,Canal Winchester
2808,Muncie
2809,Wisconsin Dells
2810,Hanover Park
2811,North Chicago
2812,Nelsonville
2813,Kingwood
2814,Sandersville
2815,Brea
2816,Cadiz
2817,Martin
2818,Charlotte Hall
2819,Libertyville
2820,Aberdeen
2821,Clear Lake
2822,Lorain
2823,Yankton
2824,Curran
2825,Owings Mills
2826,Commerce
2827,Middlebury
2828,Hanceville
2829,Okemos
2830,Dothan
2831,Leechburg
2832,Redfield
2833,Silverthorne
2834,Grass Lake
2835,Grants Pass
2836,Tipp City
2837,Fredericksburg
2838,Deltona
2839,Indian Trail
2840,Cocoa Beach
2841,Early
2842,Troy
2843,Shingletown
2844,Lithia Springs
2845,Paintsville
2846,Palos Hills
2847,Allston
2848,El Sobrante
2849,Pacific Grove
2850,Santa Ana
2851,Tinley Park
2852,Lindstrom
2853,Lima
2854,Oakland
2855,Seward
2856,Elmhurst
2857,Coatesville
2858,New Iberia
2859,Leitchfield
2860,Biloxi
2861,Bonifay
2862,White City
2863,Lake Charles
2864,Estes Park
2865,Fort Myers
2866,Broken Arrow
2867,Branson
2868,Warner Robins
2869,Wauconda
2870,Battleboro
2871,Carson
2872,Brookings
2873,Lena
2874,Eden
2875,Hemingway
2876,Schuylkill Haven
2877,La Pine
2878,Marengo
2879,Miami
2880,Annapolis
2881,Dyersburg
2882,Norfolk
2883,Ooltewah
2884,Mountain Grove
2885,Pell City
2886,Falkville
2887,Follansbee
2888,Coralville
2889,San Gabriel
2890,Washington Court House
2891,Lake Village
2892,Rego Park
2893,Blountville
2894,Fort Worth
2895,North Jackson
2896,Fulton
2897,Blytheville
2898,Bullhead City
2899,Munroe Falls
2900,Columbiana
2901,Kendallville
2902,Heyburn
2903,Cullman
2904,Lynnwood
2905,Blacklick
2906,Effingham
2907,Menifee
2908,Southgate
2909,Newport
2910,Searcy
2911,Farmington
2912,Pinole
2913,Elkview
2914,Payette
2915,Cincinnati
2916,Edisto Island
2917,Logansport
2918,Lutz
2919,DeLand
2920,Grover
2921,Panorama City
2922,Riverhead
2923,New Philadelphia
2924,Woodward
2925,Wisconsin Rapids
2926,Mesa
2927,Wahiawā
2928,Oxnard
2929,La Mirada
2930,Harrisonburg
2931,Lewisville
2932,Charlevoix
2933,Quitman
2934,Woodridge
2935,Burke
2936,Almont
2937,Marshfield
2938,Topeka
2939,Koloa
2940,Nags Head
2941,Roselle
2942,Foley
2943,Watertown
2944,Kenner
2945,Hayward
2946,Wrens
2947,Chadbourn
2948,Ashdown
2949,Orem
2950,Camby
2951,Saint Robert
2952,Franklin
2953,Madras
2954,Pembroke
2955,Waller
2956,Waikoloa
2957,Dubuque
2958,Saint Cloud
2959,Colorado Springs
2960,Bonita
2961,Tallmadge
2962,Cloquet
2963,Enterprise
2964,French Lick
2965,Perry
2966,Whitestown
2967,Palm Desert
2968,Romulus
2969,Circle Pines
2970,Gladstone
2971,South Bay
2972,Elberton
2973,El Monte
2974,Hugo
2975,New Britain
2976,Euclid
2977,Hyannis
2978,Loganville
2979,King George
2980,Duncanville
2981,Blacksburg
2982,Saint Charles
2983,Kingsville
2984,Greenvale
2985,Livermore
2986,Limon
2987,Norway
2988,Long Prairie
2989,Socorro
2990,Paoli
2991,East Alton
2992,Irmo
2993,South Hill
2994,Lehi
2995,Gustine
2996,Kalispell
2997,Walhalla
2998,Algonquin
2999,Norton
3000,Williamston
3001,Mercer
3002,Coopersburg
3003,Chehalis
3004,Wendell
3005,Red Wing
3006,San Mateo
3007,Price
3008,Randleman
3009,Fort Washington
3010,North Ridgeville
3011,Garner
3012,Wellsburg
3013,Crestwood
3014,Tulsa
3015,Van
3016,Whiteland
3017,Detroit Lakes
3018,Bristol
3019,Huron
3020,Upton
3021,Farmingdale
3022,North Manchester
3023,Kennett Square
3024,North Richland Hills
3025,Yorkville
3026,Booneville
3027,Boerne
3028,Taylor
3029,Minden
3030,Spring Lake
3031,Santa Clara
3032,Kill Devil Hills
3033,Homewood
3034,Wood Dale
3035,Calumet City
3036,Charleston
3037,Maywood
3038,Kinston
3039,Walnut Creek
3040,Sylmar
3041,Lake Bluff
3042,North Hollywood
3043,Casselberry
3044,Edmond
3045,Bothell
3046,Wentzville
3047,Hawley
3048,Beaver Falls
3049,Bonaire
3050,Frisco
3051,Bogart
3052,Hurricane
3053,Mount Olive
3054,Knob Noster
3055,Christopher
3056,Ceres
3057,Elwood
3058,Noble
3059,Devon
3060,Catonsville
3061,Janesville
3062,Beckley
3063,Yuba City
3064,Altadena
3065,Great Falls
3066,Hewlett
3067,Rusk
3068,Long Beach
3069,Lincolnwood
3070,Enumclaw
3071,Pflugerville
3072,Carthage
3073,Raleigh
3074,Camp Lejeune
3075,Sulphur Springs
3076,Norman
3077,Baker City
3078,West Henrietta
3079,Oak Brook
3080,Wytheville
3081,Camp Hill
3082,Petaluma
3083,Palm Beach Gardens
3084,Berkeley Springs
3085,Columbia Falls
3086,River Falls
3087,Laurinburg
3088,Atlantic Beach
3089,Belle Fourche
3090,Providence Forge
3091,Rockton
3092,West Des Moines
3093,Bushnell
3094,Colonial Heights
3095,Bartow
3096,Louisburg
3097,Monaca
3098,Montgomeryville
3099,Wakefield
3100,Breezewood
3101,Hillsboro
3102,Norwell
3103,Marshalltown
3104,Cassville
3105,Mentor
3106,Brandywine
3107,Daniels
3108,Middle River
3109,Boone
3110,Reseda
3111,Hasbrouck Heights
3112,Tuscumbia
3113,Hemet
3114,Payson
3115,Fairbury
3116,Heber City
3117,La Feria
3118,Northport
3119,Carnegie
3120,Golden
3121,Hawaiian Gardens
3122,Troutman
3123,Ontario
3124,Boiling Springs
3125,Warrenton
3126,Grand Forks
3127,Waldorf
3128,Escondido
3129,Kingsport
3130,Jbsa Lackland
3131,Oklahoma City
3132,Pfafftown
3133,Ponderay
3134,Kinder
3135,Piney Flats
3136,Sparta
3137,Oneida
3138,Summersville
3139,Travelers Rest
3140,Myrtle Beach
3141,Meadville
3142,Coolidge
3143,Forest City
3144,Chetek
3145,North Bergen
3146,Clemson
3147,Bridge City
3148,Elizabethville
3149,Woodbury
3150,Walker
3151,Española
3152,Lake Park
3153,Austin
3154,Ennis
3155,Menominee
3156,Kent City
3157,Lanham
3158,Astoria
3159,Destrehan
3160,Hicksville
3161,New Baden
3162,Mosheim
3163,Van Nuys
3164,Oak Harbor
3165,Weaverville
3166,Munster
3167,Independence
3168,Ferris
3169,Holyoke
3170,La Habra
3171,Rockingham
3172,Seligman
3173,Tallahassee
3174,Woodland Hills
3175,Garland
3176,Airway Heights
3177,Wausau
3178,Southfield
3179,Angier
3180,Mercedes
3181,San Antonio
3182,Uxbridge
3183,King City
3184,Eunice
3185,San Simon
3186,Hazel Green
3187,Sachse
3188,Farmville
3189,Laurens
3190,Flourtown
3191,Kernersville
3192,Baxley
3193,South Saint Paul
3194,Sweetwater
3195,Cumming
3196,Emmett
3197,Bonham
3198,Bellefontaine
3199,Saint Louis
3200,Havelock
3201,Berlin
3202,Chanute
3203,Glen Ellyn
3204,Byrdstown
3205,Imperial Beach
3206,Hobe Sound
3207,Ocala
3208,Garden City
3209,Lomita
3210,Aliceville
3211,Hannibal
3212,Fresh Meadows
3213,Dearborn
3214,Warsaw
3215,Marysville
3216,Fort Lauderdale
3217,Otis
3218,Gallatin
3219,Evans
3220,West Sacramento
3221,Veneta
3222,Hilton Head Island
3223,Port Orange
3224,Waycross
3225,Walpole
3226,Montgomery
3227,Fowler
3228,Woodland Park
3229,Clio
3230,South Padre Island
3231,Fresno
3232,McKeesport
3233,Neodesha
3234,Headland
3235,Goodland
3236,Millen
3237,Tompkinsville
3238,Somerville
3239,Mart
3240,Amsterdam
3241,Lamoni
3242,Pollok
3243,Brady
3244,Ripley
3245,Wheelersburg
3246,Pevely
3247,Brentwood
3248,Doniphan
3249,Dade City
3250,Millsboro
3251,Springboro
3252,Centereach
3253,Harlan
3254,Odessa
3255,Hibbing
3256,Gaston
3257,Daingerfield
3258,Horse Shoe
3259,Whitmore Lake
3260,Mooresville
3261,Destin
3262,Morgantown
3263,Portsmouth
3264,Lebec
3265,Bayside
3266,Fairport
3267,Canonsburg
3268,American Canyon
3269,Spencer
3270,Adairsville
3271,Rockford
3272,Warrenville
3273,Inman
3274,Pasco
3275,White House
3276,Fraser
3277,Indianapolis
3278,Breinigsville
3279,Newman
3280,Ames
3281,Crown Point
3282,Reidsville
3283,Evergreen
3284,Guthrie
3285,Silverdale
3286,Calvert City
3287,Anchorage
3288,Grandy
3289,Centreville
3290,Wiggins
3291,Coldwater
3292,Chico
3293,Spring Grove
3294,Bradenton Beach
3295,Olathe
3296,Ermine
3297,Granite Bay
3298,Norcross
3299,Ecorse
3300,Whiting
3301,Ramona
3302,Big Rapids
3303,Central Point
3304,Milltown
3305,Seal Beach
3306,Short Hills
3307,Pryor
3308,Bessemer City
3309,Kahului
3310,Corona
3311,Matthews
3312,Cape Girardeau
3313,Meadowview
3314,Eden Prairie
3315,Urbana
3316,Enosburg Falls
3317,Ottawa
3318,Sammamish
3319,Kenai
3320,Denton
3321,Barstow
3322,Coraopolis
3323,Lincoln Park
3324,Kodiak
3325,Princeton
3326,Denham Springs
3327,Le Mars
3328,Scarborough
3329,Laguna Niguel
3330,Neillsville
3331,Hyattsville
3332,Flowood
3333,Wahiawā
3334,Horn Lake
3335,Clearwater
3336,Plain City
3337,Catlettsburg
3338,Greeley
3339,Murrysville
3340,McAllen
3341,Hammonton
3342,Morganfield
3343,Newbury Park
3344,Wautoma
3345,Mount Airy
3346,New London
3347,Gulf Shores
3348,Roaring Spring
3349,Morrisville
3350,Poteau
3351,La Plata
3352,Palmetto
3353,South Holland
3354,Morrow
3355,Lake Mills
3356,Halethorpe
3357,Monterey
3358,Tifton
3359,Omak
3360,Spring
3361,Hood River
3362,New Lexington
3363,Toledo
3364,Pahoa
3365,Grimes
3366,Plattsburgh
3367,Elysburg
3368,Sylacauga
3369,Dunnellon
3370,Dexter
3371,Troutdale
3372,Hanford
3373,Saline
3374,Alpharetta
3375,Hondo
3376,Cottonport
3377,Westland
3378,Cairo
3379,Durango
3380,Mount Ephraim
3381,Saint Helena
3382,Forney
3383,North Lima
3384,Sulphur
3385,New Oxford
3386,Sycamore
3387,Katy
3388,San Luis Obispo
3389,Port Chester
3390,Bradford
3391,Devils Lake
3392,Cleburne
3393,New Haven
3394,Vernal
3395,Sanford
3396,Syracuse
3397,Rehoboth Beach
3398,Fostoria
3399,New Franken
3400,Wesley Chapel
3401,West Terre Haute
3402,Charlottesville
3403,Litchfield
3404,Watonga
3405,North Miami Beach
3406,Roosevelt
3407,Statesboro
3408,Hazen
3409,Fullerton
3410,Williston
3411,Pittsburg
3412,Talihina
3413,Albion
3414,Kittery
3415,Newton Highlands
3416,Joint Base Lewis Mcchord
3417,Port Barre
3418,Carrollton
3419,Lawrenceville
3420,Santa Barbara
3421,Taylorville
3422,Beaverton
3423,Park City
3424,Mercer Island
3425,Maple Valley
3426,Dalton
3427,Blythewood
3428,Oelwein
3429,Roanoke
3430,Albany
3431,Layton
3432,Wadesboro
3433,Gillette
3434,Gainesville
3435,Hatfield
3436,Champlin
3437,Plover
3438,Soquel
3439,Cullowhee
3440,La Vernia
3441,Lincoln City
3442,Lake Mary
3443,Union Grove
3444,Valparaiso
3445,East Saint Louis
3446,Linthicum Heights
3447,Windsor
3448,Moline
3449,Perth Amboy
3450,Craig
3451,Parlin
3452,Ludington
3453,Pittsburgh
3454,Sherwood
3455,Circleville
3456,Lynn
3457,Hobart
3458,Montrose
3459,Temple
3460,Mount Washington
3461,Tremonton
3462,Winston-Salem
3463,West Hempstead
3464,Giddings
3465,Carpentersville
3466,Compton
3467,Opelousas
3468,Howard City
3469,Atkins
3470,West Valley City
3471,Fort Oglethorpe
3472,Bethany
3473,McPherson
3474,Dawsonville
3475,Germantown
3476,Brazil
3477,Yazoo City
3478,Camarillo
3479,Hoffman Estates
3480,Pasadena
3481,Crowley
3482,Churchville
3483,Elizabeth City
3484,Morganton
3485,Schenectady
3486,Shawnee
3487,Parkesburg
3488,Swartz Creek
3489,Bismarck
3490,Punxsutawney
3491,Rohnert Park
3492,Dorchester Center
3493,Venice
3494,Biddeford
3495,Winnetka
3496,Ukiah
3497,Mathis
3498,Keokuk
3499,Conyers
3500,Woods Cross
3501,Winslow
3502,Sapulpa
3503,Pleasanton
3504,Greenwell Springs
3505,Reynoldsville
3506,Southern Pines
3507,Eugene
3508,Glen Burnie
3509,Waterbury
3510,Ypsilanti
3511,Perris
3512,Pacoima
3513,Twin City
3514,La Crescenta
3515,Clinton Township
3516,Mebane
3517,San Pedro
3518,Shreveport
3519,Lacey
3520,Vicksburg
3521,Monte Vista
3522,Nixa
3523,Corrigan
3524,Palm Harbor
3525,Moreno Valley
3526,Daphne
3527,Thibodaux
3528,Encinitas
3529,Suffolk
3530,Bastrop
3531,Fort Dodge
3532,Loves Park
3533,Winchendon
3534,Radcliff
3535,Haw River
3536,Polo
3537,Buena Vista
3538,Ina
3539,Hopewell
3540,Walnut Ridge
3541,Winder
3542,Grundy
3543,Decatur
3544,Hazel Crest
3545,Ririe
3546,Show Low
3547,Yulee
3548,North Highlands
3549,Cherryville
3550,Dracut
3551,Newton
3552,Nacogdoches
3553,Mount Pleasant
3554,Carterville
3555,Tonawanda
3556,Plymouth Meeting
3557,Tualatin
3558,Jacksonville Beach
3559,Maricopa
3560,Westernport
3561,Gulf Breeze
3562,Harrison
3563,Chapin
3564,Cypress
3565,Covington
3566,Mill Valley
3567,New Brunswick
3568,Bountiful
3569,Dresden
3570,Bay Shore
3571,Alamosa
3572,Corolla
3573,Manchester
3574,Round Rock
3575,Upland
3576,Brockton
3577,Boonville
3578,Stuart
3579,Everett
3580,New Albany
3581,Festus
3582,Nesquehoning
3583,Rolesville
3584,Shippensburg
3585,Hamburg
3586,El Dorado Springs
3587,Crofton
3588,Aliquippa
3589,Whitinsville
3590,Crete
3591,Olean
3592,Dodge City
3593,Kīhei
3594,Skiatook
3595,Pequannock
3596,Prentiss
3597,Hot Springs Village
3598,Morehead City
3599,Takoma Park
3600,Corvallis
3601,Bixby
3602,New Milford
3603,Paulding
3604,Lake City
3605,Tuscaloosa
3606,North Andover
3607,Tempe
3608,Senatobia
3609,Cleveland
3610,Henderson
3611,Loogootee
3612,Jerseyville
3613,Gladewater
3614,Cottage Grove
3615,Pearl City
3616,Nipomo
3617,New Holstein
3618,Horseheads
3619,San Manuel
3620,Walnut Cove
3621,Crooksville
3622,Jackson
3623,Ellicott City
3624,Broussard
3625,Gatlinburg
3626,Crest Hill
3627,Haverhill
3628,Sioux Center
3629,Stockton
3630,Fort Lupton
3631,Dripping Springs
3632,Enoree
3633,Hernando
3634,Fortuna
3635,Elmira
3636,Cape May Court House
3637,Waimanalo
3638,Cupertino
3639,Manorville
3640,Seaside
3641,Braintree
3642,Blackwood
3643,Buellton
3644,Snohomish
3645,Brainerd
3646,Eagle Pass
3647,Noblesville
3648,New Castle
3649,Gaithersburg
3650,Largo
3651,Paramus
3652,O Fallon
3653,Aitkin
3654,Sumter
3655,Platteville
3656,Pataskala
3657,Fargo
3658,Bowling Green
3659,Edinburgh
3660,Dover
3661,Scottsboro
3662,Rising Sun
3663,Wade
3664,Mount Juliet
3665,Walcott
3666,Schulenburg
3667,Leominster
3668,Capitola
3669,Liberty
3670,Walton
3671,Corning
3672,Grayson
3673,Evansdale
3674,Lake Hopatcong
3675,Wylie
3676,Cranford
3677,Casey
3678,Atchison
3679,Flowery Branch
3680,New Smyrna Beach
3681,Cornersville
3682,Waltham
3683,Tyler
3684,Lawson
3685,Goodlettsville
3686,Prairieville
3687,Glenpool
3688,Concordia
3689,Troutville
3690,Old Hickory
3691,Rio Rancho
3692,Oak Forest
3693,Anniston
3694,Hercules
3695,Chandler
3696,Tipton
3697,Saraland
3698,Versailles
3699,Brockport
3700,Orangeburg
3701,Kawkawlin
3702,Marshall
3703,Canoga Park
3704,El Segundo
3705,Canyon Country
3706,Lemont Furnace
3707,Bonita Springs
3708,Arlington Heights
3709,Spokane
3710,Cynthiana
3711,Pottstown
3712,Pelham
3713,Rainbow City
3714,Temple City
3715,Ormond Beach
3716,Bentleyville
3717,Joplin
3718,Clarksburg
3719,Indian River
3720,Blairsville
3721,Halifax
3722,New Lenox
3723,Calico Rock
3724,Kouts
3725,Kaufman
3726,West Jefferson
3727,Shorewood
3728,Sonoma
3729,Hawthorne
3730,Fayetteville
3731,Arnold
3732,Gulfport
3733,Lebanon
3734,Ferndale
3735,Eagle
3736,Elkhorn
3737,Ellsworth
3738,Columbia City
3739,Clawson
3740,Midlothian
3741,Slaton
3742,Lithia
3743,Selah
3744,Saint Petersburg
3745,Owatonna
3746,Mary Esther
3747,Elmsford
3748,Wailuku
3749,Hamlin
3750,Nutley
3751,La Crosse
3752,Harrisburg
3753,Ocean Shores
3754,Bernville
3755,Lewes
3756,Signal Hill
3757,Lamar
3758,Deming
3759,Columbus
3760,Clifton Forge
3761,Walled Lake
3762,Elk Grove
3763,Acton
3764,Aiken
3765,Artesia
3766,Andalusia
3767,La Verne
3768,Kankakee
3769,Milan
3770,Morrilton
3771,Papillion
3772,Ulysses
3773,North Las Vegas
3774,Millington
3775,Beaumont
3776,Porterville
3777,Baker
3778,Bethel Park
3779,Upper Marlboro
3780,Roxboro
3781,Milledgeville
3782,Kissimmee
3783,Warwick
3784,Riverbank
3785,Sun Prairie
3786,Paris
3787,Carmichael
3788,Burlingame
3789,Broadview Heights
3790,Poulsbo
3791,Flagstaff
3792,Sandy
3793,Dresher
3794,Mocksville
3795,Lewisburg
3796,Charlestown
3797,Northfield
3798,Globe
3799,Millbrook
3800,Wadena
3801,Southaven
3802,Sheridan
3803,Findlay
3804,Louisville
3805,Tivoli
3806,Scott
3807,San Juan Capistrano
3808,Riverside
3809,Utica
3810,Lowell
3811,Red Oak
3812,Hilliard
3813,Dundee
3814,Ashland
3815,Amherst
3816,Buda
3817,Clayton
3818,Saratoga Springs
3819,Edgewood
3820,Wilsonville
3821,Jerome
3822,Lawrenceburg
3823,Moncks Corner
3824,Queensbury
3825,Wabasha
3826,New Hartford
3827,Ogden
3828,Ozark
3829,Westchester
3830,Kuttawa
3831,Glenview
3832,East Bernard
3833,Tucson
3834,Bellevue
3835,Mishawaka
3836,Healdton
3837,Little Rock
3838,Greensboro
3839,Henryetta
